{
  "M": 500,
  "N": 20,
  "rollout_M": 2000,
  "iter_scale": 0.15,
  "stage_plan": [
    [
      750,
      0.001
    ],
    [
      750,
      0.0005
    ],
    [
      750,
      0.0001
    ],
    [
      750,
      5e-05
    ]
  ],
  "final_plan": [
    [
      750,
      1e-05
    ],
    [
      750,
      5e-06
    ]
  ],
  "training_plan_rules_count": 25,
  "boundary_stats": [
    {
      "boundary_idx": 0,
      "n_samples": 2000,
      "mean": [
        0.9812052845954895,
        0.9850912094116211,
        0.01139562577009201,
        5.025457382202148
      ],
      "std": [
        0.9995686411857605,
        1.014034390449524,
        0.9982978701591492,
        2.3475751876831055
      ],
      "min": [
        -2.5598561763763428,
        -2.5882418155670166,
        -3.54384708404541,
        1.0020745992660522
      ],
      "max": [
        4.60708475112915,
        4.242406845092773,
        3.56662917137146,
        8.998730659484863
      ]
    },
    {
      "boundary_idx": 1,
      "n_samples": 2000,
      "mean": [
        0.9932624697685242,
        0.9946544170379639,
        0.0005411547026596963,
        5.030461311340332
      ],
      "std": [
        0.4971410632133484,
        0.5028457641601562,
        0.7370020747184753,
        2.4964957237243652
      ],
      "min": [
        -0.6977280378341675,
        -0.9020198583602905,
        -2.402632236480713,
        -0.757972002029419
      ],
      "max": [
        2.7151992321014404,
        2.5162770748138428,
        2.5956971645355225,
        10.812004089355469
      ]
    },
    {
      "boundary_idx": 2,
      "n_samples": 2000,
      "mean": [
        0.9975837469100952,
        0.9980840086936951,
        -0.00709114782512188,
        5.0261101722717285
      ],
      "std": [
        0.37531578540802,
        0.36686059832572937,
        0.635781466960907,
        2.6948580741882324
      ],
      "min": [
        -0.21761074662208557,
        -0.1901286095380783,
        -2.514369010925293,
        -0.8614631295204163
      ],
      "max": [
        2.3082761764526367,
        2.2414145469665527,
        2.4243242740631104,
        10.85988998413086
      ]
    },
    {
      "boundary_idx": 3,
      "n_samples": 2000,
      "mean": [
        0.9991348385810852,
        0.9993134140968323,
        -0.01785384491086006,
        5.016114234924316
      ],
      "std": [
        0.3595632314682007,
        0.36125069856643677,
        0.6120746731758118,
        2.7708537578582764
      ],
      "min": [
        -0.13920141756534576,
        -0.22601449489593506,
        -2.527070999145508,
        -0.717377781867981
      ],
      "max": [
        2.1985456943511963,
        2.256398916244507,
        2.023181676864624,
        10.813356399536133
      ]
    },
    {
      "boundary_idx": 4,
      "n_samples": 2000,
      "mean": [
        0.9996896982192993,
        0.999754011631012,
        -0.02024446800351143,
        4.9935760498046875
      ],
      "std": [
        0.35981908440589905,
        0.3593628406524658,
        0.6030391454696655,
        2.7489428520202637
      ],
      "min": [
        -0.13404487073421478,
        -0.37337473034858704,
        -2.3366012573242188,
        -0.595574140548706
      ],
      "max": [
        2.1370935440063477,
        2.3830795288085938,
        2.492257833480835,
        10.443312644958496
      ]
    },
    {
      "boundary_idx": 5,
      "n_samples": 2000,
      "mean": [
        0.9998883008956909,
        0.9999114871025085,
        0.00025880985776893795,
        4.98481559753418
      ],
      "std": [
        0.36748939752578735,
        0.34762030839920044,
        0.560969352722168,
        2.7195937633514404
      ],
      "min": [
        -0.36535167694091797,
        -0.2936985492706299,
        -1.9986956119537354,
        -0.3848409056663513
      ],
      "max": [
        2.350766897201538,
        2.3026533126831055,
        1.8736220598220825,
        10.646696090698242
      ]
    },
    {
      "boundary_idx": 6,
      "n_samples": 2000,
      "mean": [
        0.9999600052833557,
        0.9999683499336243,
        5.64886795473285e-05,
        4.98598051071167
      ],
      "std": [
        0.34088125824928284,
        0.3688855767250061,
        0.5666940212249756,
        2.7074837684631348
      ],
      "min": [
        -0.11497198045253754,
        -0.2796507179737091,
        -1.991881251335144,
        -0.5782309174537659
      ],
      "max": [
        2.113126754760742,
        2.28164005279541,
        2.1055803298950195,
        10.528158187866211
      ]
    },
    {
      "boundary_idx": 7,
      "n_samples": 2000,
      "mean": [
        0.9999861717224121,
        0.9999878406524658,
        -0.00491828378289938,
        4.981868743896484
      ],
      "std": [
        0.35095199942588806,
        0.3470602035522461,
        0.5571076273918152,
        2.712216377258301
      ],
      "min": [
        -0.15138490498065948,
        -0.1667717546224594,
        -1.9486145973205566,
        -0.544776439666748
      ],
      "max": [
        2.1521639823913574,
        2.166530132293701,
        2.06606125831604,
        10.507586479187012
      ]
    },
    {
      "boundary_idx": 8,
      "n_samples": 2000,
      "mean": [
        0.9999945759773254,
        0.9999951124191284,
        -0.004057849291712046,
        4.976672172546387
      ],
      "std": [
        0.36840638518333435,
        0.3519114553928375,
        0.5725734233856201,
        2.7013304233551025
      ],
      "min": [
        -0.6839640140533447,
        -0.24433065950870514,
        -1.8672236204147339,
        -0.5523020029067993
      ],
      "max": [
        2.6842434406280518,
        2.2442405223846436,
        2.0979692935943604,
        10.477178573608398
      ]
    },
    {
      "boundary_idx": 9,
      "n_samples": 2000,
      "mean": [
        0.9999974966049194,
        0.9999979734420776,
        -0.0075127119198441505,
        4.972424030303955
      ],
      "std": [
        0.35435765981674194,
        0.34793248772621155,
        0.5634843111038208,
        2.7154219150543213
      ],
      "min": [
        -0.18005657196044922,
        -0.15388411283493042,
        -2.0521063804626465,
        -0.5746655464172363
      ],
      "max": [
        2.179960250854492,
        2.153942584991455,
        2.1345300674438477,
        10.661982536315918
      ]
    },
    {
      "boundary_idx": 10,
      "n_samples": 2000,
      "mean": [
        0.9999978542327881,
        0.9999991655349731,
        -0.010501127690076828,
        4.96280574798584
      ],
      "std": [
        0.3485300540924072,
        0.3486064672470093,
        0.5535118579864502,
        2.7180728912353516
      ],
      "min": [
        -0.23079915344715118,
        -0.2004285603761673,
        -2.0667901039123535,
        -0.46358001232147217
      ],
      "max": [
        2.230746269226074,
        2.200449228286743,
        1.9953097105026245,
        10.488901138305664
      ]
    },
    {
      "boundary_idx": 11,
      "n_samples": 2000,
      "mean": [
        0.9999996423721313,
        1.000000238418579,
        -0.005698767956346273,
        4.953287124633789
      ],
      "std": [
        0.3499607443809509,
        0.3613392114639282,
        0.5649492740631104,
        2.7118494510650635
      ],
      "min": [
        -0.06712883710861206,
        -0.13493676483631134,
        -2.714364528656006,
        -0.5501120686531067
      ],
      "max": [
        2.067145586013794,
        2.1349267959594727,
        2.069343090057373,
        10.443048477172852
      ]
    },
    {
      "boundary_idx": 12,
      "n_samples": 2000,
      "mean": [
        1.0000001192092896,
        0.999999463558197,
        0.001151946489699185,
        4.9521684646606445
      ],
      "std": [
        0.3550128638744354,
        0.3729158639907837,
        0.5449674725532532,
        2.707237958908081
      ],