Metric,Value
MSE,0.06897715178103957
R2,0.9996497846830746
