{
  "blocks": [
    {
      "idx": 0,
      "t_start": 0.0,
      "t_end": 12.0,
      "T_block": 12.0
    },
    {
      "idx": 1,
      "t_start": 12.0,
      "t_end": 24.0,
      "T_block": 12.0
    },
    {
      "idx": 2,
      "t_start": 24.0,
      "t_end": 36.0,
      "T_block": 12.0
    }
  ],
  "passes": [
    {
      "pass_id": 3,
      "reference_loss": 7.493628692626953,
      "logs": [
        {
          "pass": 3,
          "block": 0,
          "t_start": 0.0,
          "t_end": 12.0,
          "T_block": 12.0,
          "eval_mean_loss": 11.689308166503906,
          "eval_std_loss": 1.5981277826502993,
          "eval_mean_y0": -32.565792083740234,
          "precision_target": 8.24299156188965,
          "refine_rounds": 3,
          "stage_plan_used": [
            [
              3500,
              0.001
            ],
            [
              3000,
              0.0001
            ],
            [
              3000,
              5e-05
            ]
          ],
          "final_plan_used": [
            [
              2000,
              1e-05
            ],
            [
              2000,
              5e-06
            ]
          ],
          "refine_plan_used": [
            [
              800,
              1e-05
            ],
            [
              800,
              5e-06
            ],
            [
              800,
              2e-06
            ]
          ],
          "blob_path": "recursive1_outputs_ab/jitter005/run_20260219_142412/recursive/models/pass_3/block_00.npz",
          "ckpt_path": "recursive1_outputs_ab/jitter005/run_20260219_142412/recursive/models/pass_3/block_00.ckpt"
        },
        {
          "pass": 3,
          "block": 1,
          "t_start": 12.0,
          "t_end": 24.0,
          "T_block": 12.0,
          "eval_mean_loss": 7.443513679504394,
          "eval_std_loss": 0.7459410068890782,
          "eval_mean_y0": -20.41660499572754,
          "precision_target": 8.24299156188965,
          "refine_rounds": 0,
          "stage_plan_used": [
            [
              3500,
              0.001
            ],
            [
              3000,
              0.0001
            ],
            [
              3000,
              5e-05
            ]
          ],
          "final_plan_used": [
            [
              2000,
              1e-05
            ],
            [
              2000,
              5e-06
            ]
          ],
          "refine_plan_used": [
            [
              800,
              1e-05
            ],
            [
              800,
              5e-06
            ],
            [
              800,
              2e-06
            ]
          ],
          "blob_path": "recursive1_outputs_ab/jitter005/run_20260219_142412/recursive/models/pass_3/block_01.npz",
          "ckpt_path": "recursive1_outputs_ab/jitter005/run_20260219_142412/recursive/models/pass_3/block_01.ckpt"
        },
        {
          "pass": 3,
          "block": 2,
          "t_start": 24.0,
          "t_end": 36.0,
          "T_block": 12.0,
          "eval_mean_loss": 7.493628692626953,
          "eval_std_loss": 0.6575167219293843,
          "eval_mean_y0": -15.540156364440918,
          "precision_target": null,
          "refine_rounds": 0,
          "stage_plan_used": [
            [
              3500,
              0.001
            ],
            [
              3000,
              0.0001
            ],
            [
              3000,
              5e-05
            ]
          ],
          "final_plan_used": [
            [
              2000,
              1e-05
            ],
            [
              2000,
              5e-06
            ]
          ],
          "refine_plan_used": [
            [
              800,
              1e-05
            ],
            [
              800,
              5e-06
            ],
            [
              800,
              2e-06
            ]
          ],
          "blob_path": "recursive1_outputs_ab/jitter005/run_20260219_142412/recursive/models/pass_3/block_02.npz",
          "ckpt_path": "recursive1_outputs_ab/jitter005/run_20260219_142412/recursive/models/pass_3/block_02.ckpt"
        }
      ],
      "models_dir": "recursive1_outputs_ab/jitter005/run_20260219_142412/recursive/models/pass_3"
    },
    {
      "pass_id": 4,
      "reference_loss": 7.355123805999756,
      "logs": [
        {
          "pass": 4,
          "block": 0,
          "t_start": 0.0,
          "t_end": 12.0,
          "T_block": 12.0,
          "eval_mean_loss": 11.230254745483398,
          "eval_std_loss": 0.7536298684400053,
          "eval_mean_y0": -38.190425872802734,
          "precision_target": 8.090636186599731,
          "refine_rounds": 3,
          "stage_plan_used": [
            [
              3500,
              0.001
            ],
            [
              3000,
              0.0001
            ],
            [
              3000,
              5e-05
            ]
          ],
          "final_plan_used": [
            [
              2000,
              1e-05
            ],
            [
              2000,
              5e-06
            ]
          ],
          "refine_plan_used": [
            [
              800,
              1e-05
            ],
            [
              800,
              5e-06
            ],
            [
              800,
              2e-06
            ]
          ],
          "blob_path": "recursive1_outputs_ab/jitter005/run_20260219_142412/recursive/models/pass_4/block_00.npz",
          "ckpt_path": "recursive1_outputs_ab/jitter005/run_20260219_142412/recursive/models/pass_4/block_00.ckpt"
        },
        {
          "pass": 4,
          "block": 1,
          "t_start": 12.0,
          "t_end": 24.0,
          "T_block": 12.0,
          "eval_mean_loss": 7.521789264678955,
          "eval_std_loss": 1.4370260656438338,
          "eval_mean_y0": -22.016220092773438,
          "precision_target": 8.090636186599731,
          "refine_rounds": 0,
          "stage_plan_used": [
            [
              3500,
              0.001
            ],
            [
              3000,
              0.0001
            ],
            [
              3000,
              5e-05
            ]
          ],
          "final_plan_used": [
            [
              2000,
              1e-05
            ],
            [
              2000,
              5e-06
            ]
          ],
          "refine_plan_used": [
            [
              800,
              1e-05
            ],
            [
              800,
              5e-06
            ],
            [
              800,
              2e-06
            ]
          ],
          "blob_path": "recursive1_outputs_ab/jitter005/run_20260219_142412/recursive/models/pass_4/block_01.npz",
          "ckpt_path": "recursive1_outputs_ab/jitter005/run_20260219_142412/recursive/models/pass_4/block_01.ckpt"
        },
        {
          "pass": 4,
          "block": 2,
          "t_start": 24.0,
          "t_end": 36.0,
          "T_block": 12.0,
          "eval_mean_loss": 7.355123805999756,
          "eval_std_loss": 0.6461543348448344,
          "eval_mean_y0": -15.476168632507324,
          "precision_target": null,
          "refine_rounds": 0,
          "stage_plan_used": [
            [
              3500,
              0.001
            ],
            [
              3000,
              0.0001
            ],
            [
              3000,
              5e-05
            ]
          ],
          "final_plan_used": [
            [
              2000,
              1e-05
            ],
            [
              2000,
              5e-06
            ]
          ],
          "refine_plan_used": [
            [
              800,
              1e-05
            ],
            [
              800,
              5e-06
            ],
            [
              800,
              2e-06
            ]
          ],